sequence,local,year_month,sale,lease,month_rent,month_rent_fee,return40,return4060,return6085,return85,lease_ratio40,lease_ratio4060,lease_ratio6085,lease_ratio85,month_rent_ratio40,month_rent_ratio4060,month_rent_ratio6085,month_rent_ratio85
1,NATIONWIDE,2020-07-01,203454,163525,13107,661,5,4.55,3.99,3.85,84.84,82.93,80.19,75.38,7.43,7.55,10.23,10.61
2,CAPITAL_AREA,2020-07-01,217040,175996,13656,698,4.8,4.45,3.99,3.93,85.57,83.85,80.69,76.88,6.87,7.08,9.8,11.14
3,LOCAL_AREA,2020-07-01,147304,111980,10837,507,5.82,4.98,4.01,3.57,81.78,79.12,78.15,70.05,9.78,9.49,12.03,8.71
4,SEOUL,2020-07-01,251315,199524,15250,777,4.49,4,3.49,3.18,84.54,78.73,76.64,68.81,6.68,6.66,9.85,13.27
5,BUSAN,2020-07-01,160715,119095,12155,533,5.7,4.7,4.12,3.38,80.55,78.75,78.27,68.24,10.86,10.08,13.27,8.12
6,DAEGU,2020-07-01,134276,108622,8641,493,5.21,4.56,4.08,0,81.64,78.43,81.36,0,8.31,8.53,8.69,0
7,INCHEON,2020-07-01,147047,126152,11520,542,5.59,4.95,4.59,4.61,85.87,87.8,84.88,81.01,8.26,7.59,11.02,13.08
8,GWANGJU,2020-07-01,96035,78848,7020,414,6.6,5.93,4.71,4.74,84.41,80.52,79.33,81.71,6.12,9.14,12.6,14.66
9,DAEJEON,2020-07-01,109427,89552,9211,459,7.6,6.79,4.31,4.13,87.8,79.72,84.42,72.12,9.72,0,11.53,13
10,ULSAN,2020-07-01,157671,120660,9718,467,4.89,3.98,2.92,4.13,79.73,80.17,71.49,78.9,7.23,8.17,8.36,9.58
11,SAEJONG,2020-07-01,96372,87449,4198,413,5.47,0,0,0,91.09,0,0,0,4.66,0,0,0
12,GYEONGGI,2020-07-01,201307,165818,12537,659,5.05,4.62,3.76,4.39,86.96,86.62,79.39,82.51,6.82,7.22,8.91,9.05
13,NATIONWIDE,2020-08-01,203677,163768,13101,661,5,4.55,3.99,3.85,84.96,82.94,80.22,75.33,7.43,7.55,10.21,10.51
14,CAPITAL_AREA,2020-08-01,217289,176294,13649,698,4.8,4.45,3.98,3.93,85.69,83.83,80.73,76.88,6.86,7.07,9.76,11.01
15,LOCAL_AREA,2020-08-01,147416,111998,10837,507,5.83,4.98,4.01,3.56,81.92,79.26,78.11,69.82,9.79,9.49,12.03,8.71
16,SEOUL,2020-08-01,251560,199806,15255,778,4.49,4,3.49,3.18,84.62,78.76,76.61,68.78,6.67,6.65,9.86,13.26
17,BUSAN,2020-08-01,160919,119094,12155,533,5.71,4.7,4.13,3.36,80.72,78.85,78.15,67.97,10.87,10.08,13.27,8.12
18,DAEGU,2020-08-01,134188,108637,8641,493,5.22,4.56,4.07,0,81.7,78.52,81.5,0,8.32,8.52,8.69,0
19,INCHEON,2020-08-01,146982,126252,11520,542,5.6,4.95,4.59,4.62,85.93,87.89,84.97,81.01,8.26,7.58,11.01,13.09
20,GWANGJU,2020-08-01,96011,78823,6997,414,6.6,5.92,4.71,4.73,84.4,80.52,79.33,81.69,6.06,9.14,12.6,14.68
21,DAEJEON,2020-08-01,109446,89656,9201,459,7.62,6.8,4.31,4.1,88.02,79.83,84.51,71.99,9.72,0,11.52,12.97
22,ULSAN,2020-08-01,157330,120684,9751,467,4.9,3.99,2.92,4.13,79.82,80.81,71.62,78.95,7.42,8.15,8.35,9.57
23,SAEJONG,2020-08-01,96929,87878,4198,413,5.43,0,0,0,91.12,0,0,0,4.64,0,0,0
24,GYEONGGI,2020-08-01,201670,166204,12513,660,5.06,4.61,3.76,4.4,87.16,86.5,79.42,82.54,6.81,7.21,8.83,8.81
25,NATIONWIDE,2020-09-01,203788,164087,13103,661,5.01,4.55,3.99,3.84,85.15,83.05,80.27,75.32,7.42,7.52,10.17,10.48
26,CAPITAL_AREA,2020-09-01,217452,176681,13652,699,4.81,4.45,3.98,3.92,85.89,83.97,80.77,76.86,6.86,7.05,9.72,10.98
27,LOCAL_AREA,2020-09-01,147313,112035,10837,507,5.84,4.97,4.02,3.56,82.09,79.26,78.23,69.83,9.79,9.48,12.02,8.7
28,SEOUL,2020-09-01,251667,200093,15262,778,4.49,4,3.48,3.17,84.77,78.81,76.64,68.73,6.66,6.6,9.89,13.22
29,BUSAN,2020-09-01,160802,119115,12155,533,5.72,4.7,4.13,3.36,80.93,78.81,78.25,67.91,10.87,10.08,13.26,0
30,DAEGU,2020-09-01,134075,108713,8641,493,5.22,4.56,4.08,0,81.75,78.66,81.6,0,8.32,8.51,8.69,0
31,INCHEON,2020-09-01,146936,126454,11524,542,5.62,4.96,4.58,4.6,86.18,88.18,85.01,80.94,8.29,7.58,10.98,13.09
32,GWANGJU,2020-09-01,95940,78761,6993,413,6.59,5.92,4.71,4.73,84.39,80.51,79.29,81.69,6.06,9.14,12.6,14.68
33,DAEJEON,2020-09-01,109387,89696,9201,459,7.63,6.8,4.32,4.1,88.13,79.9,84.66,71.99,9.72,0,11.52,12.97
34,ULSAN,2020-09-01,157068,120847,9751,467,4.93,3.97,2.92,4.16,80.14,80.77,71.92,79.39,7.42,8.13,8.35,9.57
35,SAEJONG,2020-09-01,97500,88206,4198,413,5.41,0,0,0,91.13,0,0,0,4.62,0,0,0
36,GYEONGGI,2020-09-01,201970,166771,12511,661,5.07,4.61,3.76,4.38,87.41,86.64,79.46,82.56,6.8,7.19,8.75,8.77
37,NATIONWIDE,2020-10-01,204034,164429,13126,662,5.01,4.55,3.98,3.84,85.29,83.11,80.34,75.34,7.4,7.64,10.14,10.45
38,CAPITAL_AREA,2020-10-01,217744,177074,13637,700,4.81,4.45,3.97,3.92,86.04,84.02,80.82,76.9,6.82,7.04,9.69,10.94
39,LOCAL_AREA,2020-10-01,147369,112164,11018,506,5.84,4.97,4.01,3.55,82.15,79.39,78.34,69.79,9.79,10.13,12.01,8.69
40,SEOUL,2020-10-01,251843,200441,15265,778,4.49,4,3.48,3.17,84.89,78.88,76.73,68.83,6.65,6.59,9.86,13.18
41,BUSAN,2020-10-01,160883,119155,12433,531,5.73,4.68,4.13,3.36,80.95,78.94,78.13,67.88,10.87,11.22,13.27,8.11
42,DAEGU,2020-10-01,134218,109084,8640,493,5.23,4.55,4.08,0,81.96,78.85,81.62,0,8.31,8.48,8.69,0
43,INCHEON,2020-10-01,147040,126620,11528,541,5.63,4.97,4.56,4.57,86.38,88.3,85.01,80.73,8.28,7.58,10.97,13.07
44,GWANGJU,2020-10-01,95973,78749,6993,413,6.58,5.92,4.71,4.73,84.3,80.54,79.29,81.69,6.06,9.14,12.6,14.68
45,DAEJEON,2020-10-01,109363,89726,9201,459,7.64,6.8,4.32,4.1,88.27,79.99,84.66,71.94,9.71,0,11.52,12.97
46,ULSAN,2020-10-01,156865,121750,9751,468,4.93,3.98,2.95,4.16,80.38,80.98,73.25,79.44,7.41,8.11,8.21,9.54
47,SAEJONG,2020-10-01,97543,88378,4198,413,5.41,0,0,0,91.27,0,0,0,4.61,0,0,0
48,GYEONGGI,2020-10-01,202463,167296,12469,663,5.08,4.61,3.75,4.39,87.59,86.63,79.55,82.61,6.73,7.18,8.7,8.74
49,NATIONWIDE,2020-11-01,204171,164908,13129,662,5.02,4.55,3.98,3.82,85.48,83.32,80.51,75.45,7.39,7.61,10.1,10.41
50,CAPITAL_AREA,2020-11-01,217846,177590,13637,700,4.82,4.45,3.97,3.91,86.24,84.25,80.98,77.04,6.82,7,9.65,10.91
51,LOCAL_AREA,2020-11-01,147653,112494,11025,506,5.85,4.97,4.02,3.52,82.31,79.52,78.55,69.82,9.8,10.13,11.97,8.62
52,SEOUL,2020-11-01,251812,200867,15259,778,4.49,4,3.48,3.16,85.06,79.11,76.86,69.02,6.64,6.53,9.84,13.16
53,BUSAN,2020-11-01,161304,119451,12433,531,5.74,4.69,4.13,3.32,81.01,79.07,78.3,67.84,10.88,11.21,13.25,8.03
54,DAEGU,2020-11-01,133989,109485,8641,494,5.25,4.55,4.07,0,82.61,79.06,81.6,0,8.29,8.47,8.67,0
55,INCHEON,2020-11-01,147001,127080,11531,542,5.66,4.98,4.55,4.57,86.91,88.83,85.09,80.94,8.27,7.56,10.95,13.02
56,GWANGJU,2020-11-01,96002,78825,7012,413,6.58,5.93,4.71,4.73,84.35,80.47,79.45,81.69,6.06,9.33,12.58,14.68
57,DAEJEON,2020-11-01,109983,90242,9201,459,7.67,6.8,4.28,4.1,88.55,80.01,84.53,71.9,9.71,0,11.36,12.97
58,ULSAN,2020-11-01,156559,122425,9849,469,4.94,4,2.98,4.12,80.78,81.24,74.05,80.68,7.66,8.09,8.13,9.37
59,SAEJONG,2020-11-01,97543,88506,4198,413,5.41,0,0,0,91.42,0,0,0,4.6,0,0,0
60,GYEONGGI,2020-11-01,202768,167935,12476,664,5.09,4.61,3.75,4.37,87.75,86.72,79.76,82.68,6.73,7.15,8.64,8.69
61,NATIONWIDE,2020-12-01,204507,165411,13136,663,5.03,4.56,3.97,3.81,85.7,83.48,80.59,75.44,7.38,7.6,10.06,10.4
62,CAPITAL_AREA,2020-12-01,218157,178154,13641,701,4.83,4.45,3.96,3.9,86.48,84.4,81.04,77.11,6.8,6.98,9.6,10.9
63,LOCAL_AREA,2020-12-01,148088,112747,11047,506,5.86,4.98,4.02,3.5,82.47,79.7,78.75,69.51,9.8,10.16,11.96,8.62
64,SEOUL,2020-12-01,251955,201313,15274,778,4.49,4,3.47,3.17,85.24,79.27,76.92,69.17,6.63,6.52,9.82,13.17
65,BUSAN,2020-12-01,161911,119665,12433,531,5.74,4.7,4.14,3.29,81.12,79.39,78.48,67.44,10.88,11.19,13.21,8
66,DAEGU,2020-12-01,134246,109898,8641,495,5.25,4.55,4.06,0,82.81,79.23,81.57,0,8.27,8.43,8.63,0
67,INCHEON,2020-12-01,147009,127506,11534,542,5.69,4.99,4.53,4.58,87.29,89.17,85.22,80.94,8.27,7.55,10.9,13.03
68,GWANGJU,2020-12-01,96022,78918,7048,413,6.59,5.93,4.71,4.73,84.54,80.43,79.42,81.7,6.15,9.34,12.62,14.7
69,DAEJEON,2020-12-01,110512,90761,9258,460,7.69,6.8,4.27,4.09,88.97,79.85,84.47,71.97,9.59,0,11.51,12.94
70,ULSAN,2020-12-01,156124,122654,10073,468,4.96,4,2.99,4.12,81.12,81.26,74.67,80.67,7.75,8.63,8.15,9.81
71,SAEJONG,2020-12-01,97200,88706,4198,413,5.43,0,0,0,91.87,0,0,0,4.59,0,0,0
72,GYEONGGI,2020-12-01,203380,168683,12468,666,5.1,4.6,3.75,4.36,88.05,86.77,79.78,82.7,6.7,7.13,8.57,8.66
73,NATIONWIDE,2021-01-01,204880,165916,13148,664,5.03,4.55,3.96,3.8,85.97,83.51,80.54,75.39,7.36,7.6,10.02,10.38
74,CAPITAL_AREA,2021-01-01,218613,178730,13662,702,4.83,4.45,3.94,3.88,86.75,84.4,80.93,77.04,6.78,6.98,9.56,10.88
75,LOCAL_AREA,2021-01-01,148125,112955,11025,506,5.87,4.99,4.02,3.5,82.69,79.84,78.9,69.53,9.77,10.15,11.89,8.62
76,SEOUL,2021-01-01,252213,201796,15310,779,4.5,3.99,3.46,3.16,85.44,79.22,76.98,69.26,6.61,6.52,9.81,13.17
77,BUSAN,2021-01-01,161964,119827,12433,531,5.75,4.7,4.14,3.29,81.29,79.47,78.59,67.5,10.88,11.18,13.18,7.98
78,DAEGU,2021-01-01,134205,110169,8629,495,5.28,4.54,4.06,0,83.37,79.1,81.56,0,8.21,8.38,8.62,0
79,INCHEON,2021-01-01,147044,127665,11617,541,5.69,5.02,4.51,4.59,87.6,89.47,85.04,80.88,8.37,7.54,10.9,13.06
80,GWANGJU,2021-01-01,96030,78954,6985,414,6.57,5.96,4.69,4.72,84.27,80.24,80.02,81.76,6.09,9.44,12.02,14.7
81,DAEJEON,2021-01-01,110833,91254,9296,461,7.71,6.83,4.26,4.07,89.48,80.24,84.49,71.76,9.72,0,11.43,12.93
82,ULSAN,2021-01-01,155892,123036,9774,470,4.96,4.04,2.99,4.13,81.3,82.15,74.99,80.78,7.14,8.61,8.12,10.11
83,SAEJONG,2021-01-01,96914,88949,4198,414,5.45,0,0,0,92.37,0,0,0,4.59,0,0,0
84,GYEONGGI,2021-01-01,204211,169513,12448,667,5.11,4.58,3.73,4.31,88.42,86.66,79.66,82.51,6.65,7.14,8.5,8.62
85,NATIONWIDE,2021-02-01,205503,166409,13203,664,5.04,4.55,3.95,3.78,86.19,83.47,80.36,75.35,7.38,7.65,10.03,10.36
86,CAPITAL_AREA,2021-02-01,219302,179294,13729,703,4.84,4.44,3.93,3.87,86.99,84.32,80.73,77.04,6.81,7.04,9.59,10.85
87,LOCAL_AREA,2021-02-01,148470,113155,11032,507,5.88,5,4.01,3.48,82.84,79.98,78.82,69.32,9.77,10.17,11.87,8.61
88,SEOUL,2021-02-01,252625,202234,15362,779,4.5,3.98,3.45,3.15,85.59,79.15,76.74,69.32,6.61,6.52,9.85,13.18
89,BUSAN,2021-02-01,162446,119995,12433,531,5.76,4.71,4.13,3.27,81.39,79.58,78.47,67.23,10.88,11.2,13.16,7.96
90,DAEGU,2021-02-01,134308,110723,8629,497,5.3,4.54,4.06,0,83.8,79.38,81.71,0,8.19,8.35,8.59,0
91,INCHEON,2021-02-01,147045,128119,11932,541,5.7,5.02,4.53,4.56,88.17,89.59,85.09,81.1,8.72,7.85,11.05,12.95
92,GWANGJU,2021-02-01,95989,78956,6996,414,6.57,5.95,4.71,4.72,84.35,80.2,80.06,81.67,6.13,9.44,11.98,14.72
93,DAEJEON,2021-02-01,111181,91342,9296,461,7.74,6.85,4.22,4.07,89.7,80.49,83.78,71.8,9.72,0,11.43,12.88
94,ULSAN,2021-02-01,155797,123336,9860,471,4.99,4.05,3,4.12,81.57,82.21,75.28,80.81,7.14,8.86,8.11,10.28
95,SAEJONG,2021-02-01,96914,89163,4198,414,5.46,0,0,0,92.57,0,0,0,4.57,0,0,0
96,GYEONGGI,2021-02-01,205462,170261,12447,669,5.13,4.57,3.71,4.3,88.7,86.45,79.28,82.43,6.64,7.11,8.44,8.56
97,NATIONWIDE,2021-03-01,206161,166749,13282,665,5.05,4.54,3.93,3.76,86.28,83.46,80.14,75.15,7.43,7.65,10.09,10.34
98,CAPITAL_AREA,2021-03-01,220073,179670,13819,703,4.85,4.43,3.91,3.85,87.07,84.25,80.43,76.83,6.85,7.03,9.66,10.83
99,LOCAL_AREA,2021-03-01,148664,113349,11064,507,5.89,5.01,4.01,3.46,82.95,80.19,78.98,69.14,9.83,10.16,11.87,8.59
100,SEOUL,2021-03-01,252853,202519,15381,779,4.5,3.98,3.45,3.15,85.68,79.15,76.67,69.34,6.61,6.51,9.84,13.17
101,BUSAN,2021-03-01,162681,120120,12439,531,5.77,4.73,4.13,3.24,81.47,79.81,78.56,67.01,10.89,11.2,13.15,7.92
102,DAEGU,2021-03-01,134416,111116,8629,499,5.33,4.55,4.07,0,84.08,79.65,81.8,0,8.16,8.32,8.59,0
103,INCHEON,2021-03-01,147396,128280,12338,540,5.74,5.02,4.5,4.55,88.08,89.77,84.85,80.93,8.92,7.83,11.28,12.93
104,GWANGJU,2021-03-01,96000,78982,7001,414,6.57,5.95,4.71,4.73,84.38,80.19,80.1,81.64,6.1,9.44,12.02,14.77
105,DAEJEON,2021-03-01,111494,91692,9619,459,7.72,6.86,4.22,4.07,89.74,80.64,83.95,71.87,10.5,0,11.61,12.96
106,ULSAN,2021-03-01,155765,123886,9860,473,5.02,4.07,3.02,4.12,81.9,82.49,75.81,80.9,7.11,8.85,8.05,10.22
107,SAEJONG,2021-03-01,97085,89335,4198,414,5.45,0,0,0,92.63,0,0,0,4.56,0,0,0
108,GYEONGGI,2021-03-01,207011,170819,12510,670,5.13,4.55,3.68,4.27,88.82,86.2,78.84,82.02,6.72,7.12,8.42,8.55
109,NATIONWIDE,2021-04-01,206548,167031,13267,665,5.05,4.53,3.92,3.73,86.37,83.34,80.05,74.94,7.36,7.44,10.07,10.61
110,CAPITAL_AREA,2021-04-01,220494,179982,13870,703,4.85,4.43,3.9,3.81,87.16,84.16,80.33,76.57,6.77,7.03,9.64,11.18
111,LOCAL_AREA,2021-04-01,148906,113502,10776,508,5.9,4.96,4.01,3.45,83.1,79.97,78.91,69.16,9.82,9.13,11.85,8.57
112,SEOUL,2021-04-01,253064,202731,15639,778,4.5,3.98,3.44,3.11,85.78,79.09,76.55,69.27,6.6,6.5,9.82,14.07
113,BUSAN,2021-04-01,162951,120203,11997,532,5.78,4.64,4.11,3.23,81.65,79.36,78.33,67.02,10.88,9.39,13.15,7.91
114,DAEGU,2021-04-01,134533,111340,8629,499,5.33,4.55,4.06,0,84.2,79.78,81.78,0,8.15,8.3,8.58,0
115,INCHEON,2021-04-01,147955,128518,11938,543,5.75,5.01,4.49,4.5,87.97,89.41,84.69,80.98,8.37,7.85,11.25,12.91
116,GWANGJU,2021-04-01,96042,79033,7001,414,6.56,5.95,4.7,4.73,84.38,80.34,80,81.65,6.09,9.43,12.02,14.81
117,DAEJEON,2021-04-01,112076,92115,9619,461,7.72,6.84,4.24,4.05,89.74,80.68,84.07,71.95,10.52,0,11.5,12.88
118,ULSAN,2021-04-01,155744,124420,9862,474,5.05,4.06,3.02,4.12,82.3,82.5,76.34,80.92,7.11,8.83,7.95,10.23
119,SAEJONG,2021-04-01,97257,89421,4198,414,5.44,0,0,0,92.59,0,0,0,4.56,0,0,0
120,GYEONGGI,2021-04-01,207631,171274,12477,671,5.14,4.55,3.67,4.23,88.92,86.22,78.8,81.54,6.63,7.11,8.41,8.53
121,NATIONWIDE,2021-05-01,207040,167264,13257,665,5.06,4.52,3.9,3.71,86.44,83.25,79.82,74.83,7.33,7.43,10.04,10.63
122,CAPITAL_AREA,2021-05-01,221058,180228,13857,703,4.86,4.42,3.87,3.78,87.22,84.04,80.03,76.43,6.74,7.02,9.61,11.22
123,LOCAL_AREA,2021-05-01,149104,113685,10773,508,5.89,4.96,4,3.44,83.16,80,78.96,69.14,9.81,9.12,11.81,8.54
124,SEOUL,2021-05-01,253190,202852,15642,779,4.5,3.97,3.43,3.09,85.9,79.12,76.43,69.03,6.6,6.5,9.82,14.06
125,BUSAN,2021-05-01,163203,120357,11993,532,5.77,4.64,4.11,3.22,81.67,79.4,78.33,67.01,10.86,9.38,13.12,7.88
126,DAEGU,2021-05-01,134695,111587,8629,501,5.35,4.55,4.06,0,84.33,79.84,81.85,0,8.15,8.28,8.57,0
127,INCHEON,2021-05-01,148639,128787,12006,543,5.75,4.99,4.48,4.43,87.7,89.05,84.64,80.6,8.44,7.82,11.23,13.53
128,GWANGJU,2021-05-01,96151,79095,7006,414,6.55,5.96,4.7,4.73,84.32,80.37,79.98,81.66,6.1,9.43,12.01,14.81
129,DAEJEON,2021-05-01,112381,92368,9632,461,7.69,6.86,4.22,4.05,89.73,80.58,84.05,71.88,10.47,0,11.42,12.88
130,ULSAN,2021-05-01,155469,124906,9850,475,5.06,4.09,3.03,4.11,83.04,82.74,76.69,80.91,7.09,8.81,7.9,10.22
131,SAEJONG,2021-05-01,97257,89421,4198,414,5.44,0,0,0,92.59,0,0,0,4.56,0,0,0
132,GYEONGGI,2021-05-01,208662,171657,12418,671,5.15,4.54,3.63,4.21,88.99,86.07,78.24,81.52,6.54,7.1,8.36,8.5
133,NATIONWIDE,2021-06-01,207761,167726,13239,666,5.06,4.52,3.88,3.67,86.53,83.13,79.81,74.46,7.29,7.42,9.98,10.57
134,CAPITAL_AREA,2021-06-01,221823,180742,13834,704,4.85,4.41,3.86,3.75,87.32,83.86,80,76.09,6.69,7.01,9.54,11.15
135,LOCAL_AREA,2021-06-01,149642,113932,10782,508,5.9,4.97,4,3.41,83.25,80.15,79,68.65,9.79,9.11,11.8,8.53
136,SEOUL,2021-06-01,253548,203149,15625,779,4.5,3.97,3.43,3.08,85.96,79.07,76.39,68.86,6.58,6.5,9.79,13.98
137,BUSAN,2021-06-01,163805,120482,11993,532,5.78,4.64,4.1,3.18,81.76,79.54,78.31,66.41,10.86,9.36,13.12,7.86
138,DAEGU,2021-06-01,134788,111775,8629,501,5.35,4.55,4.06,0,84.41,79.95,81.85,0,8.14,8.27,8.57,0
139,INCHEON,2021-06-01,149551,129498,12006,544,5.75,4.96,4.45,4.38,87.81,88.61,84.79,80.27,8.4,7.8,11.16,13.46
140,GWANGJU,2021-06-01,96287,79165,7020,413,6.53,5.97,4.7,4.72,84.3,80.41,79.95,81.64,6.09,9.44,12.05,14.84
141,DAEJEON,2021-06-01,113784,93352,9880,464,7.7,6.87,4.18,4.04,89.77,80.7,83.69,71.65,10.44,0,11.81,12.9
142,ULSAN,2021-06-01,155594,125770,9636,477,5.07,4.11,3.04,4.12,83.54,83.12,77.32,81,6.78,8.78,7.6,10.19
143,SAEJONG,2021-06-01,97257,89485,4198,414,5.44,0,0,0,92.67,0,0,0,4.55,0,0,0
144,GYEONGGI,2021-06-01,209852,172354,12379,673,5.14,4.53,3.61,4.15,89.13,85.91,78.1,81.06,6.46,7.08,8.28,8.43
145,NATIONWIDE,2021-07-01,208505,168168,13233,667,5.06,4.51,3.87,3.64,86.61,83,79.66,74.22,7.25,7.45,10,10.53
146,CAPITAL_AREA,2021-07-01,222599,181205,13817,705,4.85,4.39,3.84,3.72,87.41,83.68,79.8,75.79,6.65,7.05,9.54,11.11
147,LOCAL_AREA,2021-07-01,150258,114285,10815,509,5.9,4.97,4,3.37,83.29,80.22,79.05,68.62,9.79,9.14,11.87,8.47
148,SEOUL,2021-07-01,254081,203542,15625,780,4.5,3.96,3.42,3.07,86.04,79.01,76.26,68.57,6.56,6.49,9.78,13.95
149,BUSAN,2021-07-01,164675,120865,11995,533,5.79,4.65,4.1,3.15,81.78,79.53,78.22,66.38,10.87,9.37,13.14,7.75
150,DAEGU,2021-07-01,134764,111978,8629,502,5.36,4.55,4.06,0,84.54,80.28,81.9,0,8.12,8.23,8.56,0
151,INCHEON,2021-07-01,150401,129817,12078,545,5.74,4.94,4.44,4.32,87.6,88.18,84.5,79.75,8.53,7.8,11.19,13.34
152,GWANGJU,2021-07-01,96470,79394,7048,414,6.54,5.96,4.7,4.68,84.5,80.41,80.03,80.84,6.08,9.4,12.1,14.84
153,DAEJEON,2021-07-01,114048,93474,9889,464,7.69,6.86,4.17,4.01,89.68,80.68,83.57,71.47,10.41,0,11.78,12.89
154,ULSAN,2021-07-01,155810,126589,10087,477,5.07,4.12,3.04,4.13,83.54,83.48,78.13,81.41,6.78,9.2,8.01,10.86
155,SAEJONG,2021-07-01,97385,89614,4198,414,5.43,0,0,0,92.68,0,0,0,4.55,0,0,0
156,GYEONGGI,2021-07-01,210884,172949,12312,674,5.15,4.52,3.59,4.13,89.3,85.74,77.93,80.79,6.32,7.18,8.26,8.41
157,NATIONWIDE,2021-08-01,210144,169075,13519,668,5.06,4.49,3.84,3.59,86.74,82.84,79.51,73.73,7.11,7.37,10.47,10.45
158,CAPITAL_AREA,2021-08-01,224282,182202,14169,706,4.86,4.37,3.8,3.67,87.57,83.47,79.6,75.31,6.47,6.95,10.13,11.03
159,LOCAL_AREA,2021-08-01,151713,114822,10833,509,5.91,4.97,3.99,3.3,83.27,80.26,79.13,68.07,9.79,9.13,11.88,8.39
160,SEOUL,2021-08-01,255213,204290,15624,780,4.5,3.95,3.39,3.03,86.23,78.79,75.9,68.18,6.54,6.48,9.74,13.88
161,BUSAN,2021-08-01,166779,121484,11995,533,5.79,4.64,4.09,3.07,81.69,79.53,78.18,65.76,10.86,9.36,13.11,7.65
162,DAEGU,2021-08-01,134779,112255,8629,502,5.37,4.55,4.06,0,84.85,80.35,81.98,0,8.11,8.21,8.54,0
163,INCHEON,2021-08-01,152181,131357,11203,552,5.8,4.89,4.41,4.23,88,88.15,84.52,79.14,6.67,7.39,10.49,13.14
164,GWANGJU,2021-08-01,96609,79551,7048,414,6.54,5.96,4.71,4.63,84.57,80.37,80.17,80.7,6.08,9.4,12.04,14.71
165,DAEJEON,2021-08-01,114598,93919,9889,464,7.67,6.86,4.15,3.99,89.51,80.78,83.73,71.28,10.4,0,11.68,12.86
166,ULSAN,2021-08-01,156218,127429,10371,477,5.1,4.12,3.03,4.1,84.02,83.71,78.69,80.89,6.9,9.2,8.29,10.97
167,SAEJONG,2021-08-01,97485,89714,4198,414,5.43,0,0,0,92.69,0,0,0,4.54,0,0,0
168,GYEONGGI,2021-08-01,213176,174049,13500,673,5.16,4.5,3.54,4.08,89.38,85.47,77.64,80.27,6.31,7.16,10.04,8.34
169,NATIONWIDE,2021-09-01,211740,169967,13426,670,5.06,4.47,3.82,3.54,86.81,82.71,79.2,73.2,7.15,7.35,10.13,10.4
170,CAPITAL_AREA,2021-09-01,226150,183236,14049,709,4.86,4.34,3.78,3.62,87.65,83.3,79.23,74.68,6.51,6.92,9.7,10.97
171,LOCAL_AREA,2021-09-01,152183,115130,10853,509,5.91,4.96,3.98,3.28,83.3,80.28,79.1,67.93,9.8,9.13,11.89,8.36
172,SEOUL,2021-09-01,256606,204887,15634,781,4.49,3.93,3.35,3,86.2,78.62,75.45,67.69,6.54,6.46,9.72,13.79
173,BUSAN,2021-09-01,167351,121811,12007,533,5.8,4.64,4.09,3.04,81.66,79.52,78.18,65.6,10.89,9.37,13.11,7.6
174,DAEGU,2021-09-01,134880,112499,8629,502,5.37,4.55,4.06,0,85.05,80.33,82.16,0,8.1,8.2,8.51,0
175,INCHEON,2021-09-01,154242,132661,11227,555,5.81,4.85,4.37,4.17,87.95,87.95,84.04,78.98,6.65,7.39,10.41,12.95
176,GWANGJU,2021-09-01,96860,79771,7061,415,6.55,5.96,4.7,4.6,84.8,80.43,79.82,80.46,6.08,9.38,11.99,14.63
177,DAEJEON,2021-09-01,115123,93991,9889,465,7.65,6.84,4.13,3.98,89.39,80.7,83.23,71.2,10.4,0,11.67,12.83
178,ULSAN,2021-09-01,156524,128095,10553,477,5.11,4.13,3.02,4.03,84.37,84.21,78.74,80.69,6.94,9.18,8.45,11.17
179,SAEJONG,2021-09-01,97657,89971,4198,414,5.42,0,0,0,92.8,0,0,0,4.53,0,0,0
180,GYEONGGI,2021-09-01,215532,175498,13177,678,5.16,4.47,3.54,4.01,89.65,85.3,77.37,79.43,6.44,7.12,9.19,8.33
181,NATIONWIDE,2021-10-01,213128,170660,13578,670,5.06,4.45,3.78,3.5,86.84,82.67,78.89,72.78,7.13,7.33,10.36,10.34
182,CAPITAL_AREA,2021-10-01,227712,184033,14234,709,4.85,4.32,3.73,3.57,87.68,83.26,78.87,74.24,6.5,6.9,9.99,10.9
183,LOCAL_AREA,2021-10-01,152854,115388,10866,510,5.91,4.96,3.98,3.25,83.34,80.25,78.96,67.6,9.8,9.14,11.9,8.33
184,SEOUL,2021-10-01,257958,205598,15634,781,4.48,3.91,3.32,2.96,86.24,78.48,75.13,67.18,6.52,6.44,9.66,13.73
185,BUSAN,2021-10-01,168227,122083,12012,533,5.8,4.64,4.08,3.02,81.66,79.4,78.06,65.24,10.87,9.4,13.1,7.58
186,DAEGU,2021-10-01,134845,112660,8629,503,5.38,4.55,4.06,0,85.26,80.39,82.2,0,8.09,8.2,8.51,0
187,INCHEON,2021-10-01,155671,133749,11227,556,5.79,4.79,4.33,4.12,87.85,87.91,84.01,78.79,6.64,7.32,10.32,12.81
188,GWANGJU,2021-10-01,97217,79971,7121,415,6.55,5.94,4.7,4.58,84.89,80.28,79.69,80.2,6.11,9.36,12.12,14.53
189,DAEJEON,2021-10-01,115688,94140,9889,465,7.64,6.83,4.1,3.98,89.32,80.76,82.69,71.22,10.4,0,11.65,12.81
190,ULSAN,2021-10-01,156977,128621,10627,477,5.13,4.13,3,3.98,84.7,84.57,78.65,80.28,6.94,9.16,8.51,11.09
191,SAEJONG,2021-10-01,97743,90099,4198,415,5.42,0,0,0,92.84,0,0,0,4.52,0,0,0
192,GYEONGGI,2021-10-01,217383,176296,13643,678,5.16,4.47,3.48,3.96,89.68,85.36,76.77,78.99,6.44,7.11,9.88,8.26
193,NATIONWIDE,2021-11-01,214895,171489,13507,672,5.06,4.43,3.76,3.46,86.89,82.45,78.61,72.29,7.07,7.31,10.1,10.4
194,CAPITAL_AREA,2021-11-01,229722,184984,14144,712,4.86,4.31,3.7,3.53,87.72,82.99,78.52,73.73,6.42,6.87,9.67,11
195,LOCAL_AREA,2021-11-01,153613,115714,10877,510,5.92,4.95,3.97,3.21,83.42,80.24,79,67.14,9.79,9.12,11.9,8.28
196,SEOUL,2021-11-01,259593,206394,15773,781,4.47,3.89,3.3,2.92,86.24,78.26,74.79,66.82,6.5,6.42,9.62,14.02
197,BUSAN,2021-11-01,169250,122453,12013,534,5.8,4.63,4.09,2.98,81.7,79.32,78.13,64.76,10.87,9.39,13.08,7.53
198,DAEGU,2021-11-01,134818,112774,8629,503,5.39,4.56,4.06,0,85.4,80.51,82.23,0,8.07,8.19,8.5,0
199,INCHEON,2021-11-01,156984,134839,11227,558,5.8,4.77,4.3,4.1,87.92,87.62,84.1,79.08,6.65,7.27,10.25,12.52
200,GWANGJU,2021-11-01,97571,80177,7135,416,6.55,5.93,4.67,4.55,84.9,80.22,79.61,79.7,6.16,9.33,12.04,14.51
201,DAEJEON,2021-11-01,116234,94326,10003,465,7.64,6.83,4.08,3.97,89.38,80.69,82.38,71.13,10.38,0,11.87,12.81
202,ULSAN,2021-11-01,157340,129228,10627,477,5.15,4.14,2.98,3.87,85.18,84.94,78.8,79.34,6.92,9.15,8.45,10.97
203,SAEJONG,2021-11-01,97800,90285,4198,415,5.42,0,0,0,92.99,0,0,0,4.51,0,0,0
204,GYEONGGI,2021-11-01,220073,177378,13254,683,5.18,4.46,3.45,3.9,89.77,85.05,76.09,78.21,6.26,7.09,9.27,8.28
205,NATIONWIDE,2021-12-01,215810,171889,13609,673,5.06,4.43,3.73,3.43,86.94,82.34,78.46,71.95,7.05,7.34,10.18,10.59
206,CAPITAL_AREA,2021-12-01,230746,185437,14264,712,4.86,4.3,3.68,3.5,87.76,82.85,78.33,73.4,6.39,6.9,9.75,11.25
207,LOCAL_AREA,2021-12-01,154081,115895,10900,511,5.93,4.95,3.97,3.2,83.5,80.28,78.98,66.82,9.79,9.13,11.92,8.27
208,SEOUL,2021-12-01,260860,206921,16014,781,4.46,3.87,3.27,2.89,86.22,78.12,74.56,66.32,6.49,6.41,10.02,14.51
209,BUSAN,2021-12-01,169839,122585,12021,535,5.81,4.63,4.09,2.96,81.74,79.36,78.07,64.36,10.87,9.4,13.09,7.52
210,DAEGU,2021-12-01,134724,112866,8629,503,5.4,4.56,4.06,0,85.6,80.56,82.3,0,8.07,8.19,8.5,0
211,INCHEON,2021-12-01,157880,135528,11311,558,5.8,4.77,4.27,4.08,87.96,87.4,84.21,78.66,6.64,7.45,10.25,12.49
212,GWANGJU,2021-12-01,97828,80336,7205,416,6.55,5.92,4.65,4.53,84.89,80.14,79.63,79.51,6.17,9.31,12.27,14.45
213,DAEJEON,2021-12-01,116878,94782,10061,465,7.64,6.82,4.05,3.96,89.69,80.78,82.17,71.1,10.33,0,11.91,12.79
214,ULSAN,2021-12-01,157608,129728,10750,477,5.15,4.14,2.98,3.84,85.44,85,78.98,79.39,7.03,9.15,8.49,10.96
215,SAEJONG,2021-12-01,98014,90414,4198,415,5.41,0,0,0,92.9,0,0,0,4.51,0,0,0
216,GYEONGGI,2021-12-01,220858,177664,13246,685,5.19,4.46,3.42,3.87,89.89,84.94,75.7,78.02,6.19,7.08,9.28,8.38
217,NATIONWIDE,2022-01-01,216076,172122,13379,674,5.07,4.42,3.74,3.42,87.03,82.37,78.49,71.87,7.03,7.28,9.78,10.57
218,CAPITAL_AREA,2022-01-01,231043,185717,13977,714,4.86,4.3,3.69,3.49,87.85,82.86,78.38,73.33,6.38,6.82,9.27,11.22
219,LOCAL_AREA,2022-01-01,154220,115933,10910,511,5.93,4.96,3.97,3.19,83.6,80.33,78.94,66.67,9.79,9.14,11.93,8.28
220,SEOUL,2022-01-01,261271,207321,15954,782,4.46,3.87,3.27,2.88,86.31,78.12,74.51,66.24,6.48,6.4,9.66,14.49
221,BUSAN,2022-01-01,170053,122591,12029,535,5.82,4.63,4.09,2.95,81.81,79.38,78.03,64.21,10.86,9.4,13.11,7.53
222,DAEGU,2022-01-01,134597,112944,8629,503,5.41,4.56,4.07,0,85.75,80.66,82.37,0,8.06,8.19,8.5,0
223,INCHEON,2022-01-01,157981,135810,11275,559,5.81,4.76,4.28,4.06,88.33,87.39,84.34,78.4,6.55,7.42,10.24,12.45
224,GWANGJU,2022-01-01,97886,80387,7219,416,6.54,5.93,4.66,4.52,84.88,80.12,79.68,79.36,6.17,9.34,12.26,14.4
225,DAEJEON,2022-01-01,116797,94841,10061,465,7.66,6.83,4.05,3.96,89.99,80.87,82.22,71.1,10.32,0,11.9,12.79
226,ULSAN,2022-01-01,157854,130003,10811,477,5.17,4.15,2.96,3.81,85.76,85.22,78.83,78.99,7.03,9.3,8.47,11.06
227,SAEJONG,2022-01-01,98014,90414,4198,415,5.41,0,0,0,92.9,0,0,0,4.51,0,0,0
228,GYEONGGI,2022-01-01,221088,177805,12607,688,5.2,4.46,3.44,3.86,89.95,84.97,75.73,78,6.19,6.91,8.4,8.36
229,NATIONWIDE,2022-02-01,216245,172329,13384,675,5.07,4.43,3.74,3.42,87.11,82.38,78.53,71.91,7.03,7.28,9.78,10.56
230,CAPITAL_AREA,2022-02-01,231240,185980,13984,714,4.86,4.3,3.69,3.48,87.95,82.88,78.42,73.4,6.37,6.82,9.26,11.2
231,LOCAL_AREA,2022-02-01,154269,115907,10906,511,5.94,4.96,3.96,3.19,83.58,80.33,78.96,66.61,9.8,9.14,11.92,8.28
232,SEOUL,2022-02-01,261581,207729,15968,783,4.47,3.87,3.27,2.87,86.44,78.23,74.6,66.19,6.47,6.39,9.63,14.48
233,BUSAN,2022-02-01,170127,122519,12026,535,5.83,4.64,4.09,2.95,81.75,79.35,78.05,64.12,10.87,9.41,13.1,7.52
234,DAEGU,2022-02-01,134487,112965,8629,504,5.42,4.56,4.07,0,85.85,80.72,82.37,0,8.06,8.18,8.5,0
235,INCHEON,2022-02-01,157795,135635,11275,559,5.82,4.76,4.28,4.05,88.45,87.35,84.28,78.33,6.55,7.44,10.25,12.42
236,GWANGJU,2022-02-01,97942,80410,7173,416,6.54,5.93,4.65,4.51,84.91,80.15,79.57,79.27,6.17,9.25,12.17,14.35
237,DAEJEON,2022-02-01,116779,94888,10061,465,7.67,6.82,4.05,3.98,89.98,80.84,82.35,71.35,10.33,0,11.87,12.79
238,ULSAN,2022-02-01,158012,130200,10827,478,5.17,4.15,2.97,3.81,85.78,85.3,78.9,78.96,7.02,9.29,8.46,11.09
239,SAEJONG,2022-02-01,98014,90414,4198,415,5.41,0,0,0,92.9,0,0,0,4.51,0,0,0
240,GYEONGGI,2022-02-01,221287,178049,12607,688,5.2,4.46,3.44,3.86,89.99,84.95,75.83,78.2,6.17,6.92,8.39,8.33
241,NATIONWIDE,2022-03-01,216526,172590,13397,675,5.07,4.42,3.74,3.42,87.21,82.33,78.52,72,7.04,7.28,9.78,10.53
242,CAPITAL_AREA,2022-03-01,231607,186302,13993,715,4.87,4.29,3.68,3.48,88.06,82.84,78.4,73.5,6.37,6.82,9.26,11.17
243,LOCAL_AREA,2022-03-01,154197,115918,10935,511,5.94,4.96,3.97,3.19,83.67,80.23,79,66.67,9.83,9.18,11.96,8.27
244,SEOUL,2022-03-01,262271,208255,15982,783,4.47,3.85,3.26,2.86,86.53,78.15,74.65,66.03,6.46,6.37,9.63,14.49
245,BUSAN,2022-03-01,170045,122526,12024,535,5.83,4.64,4.09,2.96,81.86,79.16,78.07,64.2,10.89,9.42,13.11,7.52
246,DAEGU,2022-03-01,134330,112995,8629,504,5.43,4.57,4.07,0,86.05,80.76,82.39,0,8.05,8.18,8.5,0
247,INCHEON,2022-03-01,157854,135756,11295,559,5.83,4.76,4.27,4.06,88.48,87.28,84.32,78.82,6.75,7.44,10.24,12.24
248,GWANGJU,2022-03-01,98004,80484,7583,415,6.54,5.95,4.65,4.49,84.95,80.09,79.8,79,6.43,9.76,12.71,14.32
249,DAEJEON,2022-03-01,116710,94829,10061,465,7.67,6.84,4.05,3.98,89.96,80.87,82.35,71.35,10.33,0,11.87,12.79
250,ULSAN,2022-03-01,158020,130258,10827,478,5.17,4.15,2.97,3.81,85.83,85.31,78.94,78.96,7.01,9.29,8.46,11.09
251,SAEJONG,2022-03-01,97993,90392,4198,415,5.41,0,0,0,92.9,0,0,0,4.51,0,0,0
252,GYEONGGI,2022-03-01,221384,178202,12607,689,5.2,4.46,3.43,3.86,90.13,84.95,75.73,78.43,6.16,6.92,8.4,8.3
253,NATIONWIDE,2022-04-01,216667,172714,13397,676,5.08,4.43,3.74,3.42,87.27,82.35,78.46,71.99,7.05,7.27,9.79,10.49
254,CAPITAL_AREA,2022-04-01,231807,186479,13998,716,4.87,4.29,3.69,3.48,88.12,82.86,78.37,73.48,6.38,6.81,9.27,11.15
255,LOCAL_AREA,2022-04-01,154091,115822,10909,511,5.95,4.97,3.97,3.2,83.71,80.23,78.86,66.66,9.85,9.19,11.96,8.15
256,SEOUL,2022-04-01,262730,208553,15999,784,4.47,3.85,3.26,2.85,86.56,78.12,74.7,65.93,6.47,6.36,9.62,14.46
257,BUSAN,2022-04-01,169921,122396,12022,535,5.84,4.64,4.09,2.96,81.88,79.19,77.85,64.2,10.92,9.43,13.11,7.52
258,DAEGU,2022-04-01,134098,112959,8629,504,5.45,4.57,4.07,0,86.22,80.8,82.39,0,8.05,8.18,8.5,0
259,INCHEON,2022-04-01,157719,135725,11287,560,5.85,4.77,4.29,4.06,88.65,87.34,84.32,78.75,6.75,7.42,10.25,12.18
260,GWANGJU,2022-04-01,98111,80519,7243,416,6.55,5.97,4.63,4.49,85.09,80.06,79.62,78.63,6.42,9.81,12.66,10.73
261,DAEJEON,2022-04-01,116615,94703,10061,465,7.68,6.84,4.05,3.98,89.85,80.77,82.44,71.35,10.36,0,11.87,12.79
262,ULSAN,2022-04-01,158019,130251,10827,478,5.17,4.15,2.97,3.81,85.82,85.31,78.94,78.96,7.01,9.28,8.46,11.09
263,SAEJONG,2022-04-01,98014,90457,4198,415,5.41,0,0,0,92.95,0,0,0,4.51,0,0,0
264,GYEONGGI,2022-04-01,221398,178311,12604,690,5.21,4.47,3.44,3.87,90.23,85.01,75.65,78.49,6.16,6.91,8.41,8.3
265,NATIONWIDE,2022-05-01,216933,172911,13374,677,5.09,4.43,3.74,3.42,87.3,82.31,78.44,71.99,7.04,7.21,9.78,10.49
266,CAPITAL_AREA,2022-05-01,232181,186736,13985,717,4.88,4.3,3.69,3.48,88.14,82.82,78.34,73.45,6.37,6.76,9.26,11.15
267,LOCAL_AREA,2022-05-01,153913,115772,10850,511,5.97,4.97,3.97,3.2,83.75,80.23,78.85,66.79,9.86,9.06,11.9,8.14
268,SEOUL,2022-05-01,263331,208932,15980,786,4.47,3.85,3.26,2.85,86.53,78.07,74.71,65.88,6.46,6.32,9.6,14.47
269,BUSAN,2022-05-01,169697,122325,12020,535,5.86,4.64,4.09,2.96,81.88,79.16,77.83,64.38,10.93,9.43,13.12,7.51
270,DAEGU,2022-05-01,133879,112929,8629,504,5.46,4.58,4.07,0,86.36,80.86,82.44,0,8.05,8.18,8.5,0
271,INCHEON,2022-05-01,157628,135694,11256,561,5.87,4.79,4.29,4.08,88.77,87.33,84.32,78.84,6.76,7.31,10.25,12.17
272,GWANGJU,2022-05-01,98132,80602,6461,420,6.58,6,4.63,4.47,85.32,80.03,79.53,78.3,6.42,7.79,11.7,10.71
273,DAEJEON,2022-05-01,116506,94625,10061,465,7.7,6.84,4.06,3.98,89.91,80.8,82.42,71.35,10.37,0,11.88,12.79
274,ULSAN,2022-05-01,157999,130244,10827,478,5.17,4.15,2.97,3.81,85.82,85.31,78.96,78.94,7.01,9.29,8.46,11.1
275,SAEJONG,2022-05-01,98014,90457,4198,415,5.41,0,0,0,92.95,0,0,0,4.51,0,0,0
276,GYEONGGI,2022-05-01,221667,178527,12604,692,5.22,4.47,3.44,3.87,90.3,84.95,75.59,78.44,6.15,6.9,8.42,8.3
277,NATIONWIDE,2022-06-01,217133,173099,13379,678,5.1,4.44,3.75,3.42,87.34,82.35,78.46,71.95,7.04,7.21,9.78,10.49
278,CAPITAL_AREA,2022-06-01,232453,186985,13992,719,4.89,4.3,3.69,3.48,88.19,82.86,78.36,73.41,6.36,6.77,9.27,11.15
279,LOCAL_AREA,2022-06-01,153816,115705,10848,511,5.98,4.98,3.97,3.2,83.77,80.29,78.86,66.74,9.86,9.05,11.9,8.14
280,SEOUL,2022-06-01,263804,209266,15987,787,4.48,3.85,3.26,2.85,86.56,78.08,74.68,65.84,6.45,6.32,9.59,14.47
281,BUSAN,2022-06-01,169593,122240,12017,535,5.86,4.64,4.09,2.96,81.9,79.18,77.89,64.32,10.94,9.42,13.12,7.52
282,DAEGU,2022-06-01,133646,112870,8629,504,5.47,4.59,4.08,0,86.39,81.01,82.51,0,8.07,8.18,8.51,0
283,INCHEON,2022-06-01,157468,135538,11271,561,5.89,4.8,4.29,4.08,88.72,87.35,84.33,78.84,6.77,7.34,10.26,12.19
284,GWANGJU,2022-06-01,98151,80612,6461,420,6.6,6.02,4.63,4.45,85.5,80.12,79.31,77.91,6.41,7.8,11.7,10.71
285,DAEJEON,2022-06-01,116478,94563,10061,465,7.7,6.87,4.06,3.98,89.84,80.94,82.29,71.35,10.38,0,11.91,12.79
286,ULSAN,2022-06-01,157947,130212,10827,478,5.17,4.15,2.97,3.81,85.82,85.31,78.96,78.97,7.01,9.29,8.47,11.1
287,SAEJONG,2022-06-01,98014,90521,4198,416,5.41,0,0,0,93.02,0,0,0,4.5,0,0,0
288,GYEONGGI,2022-06-01,221856,178816,12606,693,5.23,4.48,3.44,3.87,90.39,85.03,75.64,78.4,6.14,6.89,8.42,8.3
289,NATIONWIDE,2022-07-01,217178,173147,13323,680,5.11,4.44,3.76,3.43,87.42,82.31,78.5,71.85,7.03,7.18,9.7,10.5
290,CAPITAL_AREA,2022-07-01,232590,187087,13924,721,4.9,4.31,3.7,3.49,88.29,82.8,78.36,73.31,6.36,6.72,9.17,11.16
291,LOCAL_AREA,2022-07-01,153483,115535,10839,512,5.99,4.98,3.98,3.21,83.77,80.29,79.1,66.66,9.86,9.06,11.89,8.17
292,SEOUL,2022-07-01,264056,209504,15983,789,4.48,3.85,3.26,2.85,86.62,78.06,74.62,65.85,6.44,6.27,9.59,14.47
293,BUSAN,2022-07-01,169137,122025,12003,536,5.88,4.65,4.11,2.98,81.91,79.17,78.21,64.24,10.93,9.43,13.11,7.53
294,DAEGU,2022-07-01,133455,112692,8629,505,5.49,4.6,4.1,0,86.32,81,82.79,0,8.08,8.19,8.51,0
295,INCHEON,2022-07-01,157235,135434,11271,562,5.91,4.81,4.31,4.09,88.87,87.32,84.44,78.83,6.77,7.35,10.27,12.19
296,GWANGJU,2022-07-01,98203,80653,6461,420,6.61,6.03,4.62,4.46,85.38,80.15,79.43,77.93,6.43,7.8,11.66,10.73
297,DAEJEON,2022-07-01,116355,94443,10061,465,7.72,6.86,4.07,3.99,89.95,80.95,82.18,71.27,10.38,0,11.95,12.84
298,ULSAN,2022-07-01,157827,130167,10833,479,5.19,4.16,2.98,3.81,85.89,85.42,79,78.87,7.02,9.29,8.44,11.21
299,SAEJONG,2022-07-01,97950,90478,4198,416,5.42,0,0,0,93.04,0,0,0,4.51,0,0,0
300,GYEONGGI,2022-07-01,221986,178829,12443,696,5.25,4.48,3.46,3.88,90.54,84.92,75.58,78.19,6.13,6.82,8.22,8.3
301,NATIONWIDE,2022-08-01,217076,173098,13275,682,5.12,4.45,3.77,3.44,87.5,82.32,78.49,71.8,7.04,7.18,9.62,10.52
302,CAPITAL_AREA,2022-08-01,232511,187065,13864,722,4.91,4.32,3.71,3.5,88.38,82.81,78.36,73.25,6.36,6.72,9.07,11.18
303,LOCAL_AREA,2022-08-01,153281,115372,10839,513,6.01,5,3.99,3.22,83.82,80.31,79.01,66.65,9.88,9.07,11.91,8.17
304,SEOUL,2022-08-01,264122,209597,15984,790,4.49,3.86,3.26,2.85,86.68,78.06,74.56,65.86,6.45,6.27,9.6,14.46
305,BUSAN,2022-08-01,168905,121839,12004,536,5.9,4.66,4.11,2.99,81.97,79.19,78.08,64.25,10.96,9.44,13.13,7.54
306,DAEGU,2022-08-01,133078,112382,8629,506,5.51,4.61,4.11,0,86.34,81.07,82.73,0,8.1,8.2,8.53,0
307,INCHEON,2022-08-01,156989,135245,11271,562,5.94,4.81,4.31,4.1,88.89,87.33,84.51,78.61,6.78,7.36,10.27,12.21
308,GWANGJU,2022-08-01,98138,80592,6442,420,6.62,6.03,4.63,4.46,85.38,80.18,79.43,77.96,6.42,7.8,11.62,10.75
309,DAEJEON,2022-08-01,116391,94464,10061,465,7.73,6.87,4.08,3.99,89.98,80.93,82.17,71.22,10.39,0,11.93,12.84
310,ULSAN,2022-08-01,157701,130087,10839,479,5.2,4.16,2.98,3.81,86.04,85.35,78.97,78.72,7.06,9.3,8.45,11.15
311,SAEJONG,2022-08-01,97907,90435,4198,416,5.42,0,0,0,93.04,0,0,0,4.51,0,0,0
312,GYEONGGI,2022-08-01,221798,178731,12290,699,5.27,4.5,3.47,3.89,90.68,84.93,75.56,78.1,6.13,6.83,7.99,8.34
313,NATIONWIDE,2022-09-01,216816,172925,13284,683,5.14,4.46,3.78,3.44,87.54,82.32,78.46,71.8,7.04,7.2,9.64,10.54
314,CAPITAL_AREA,2022-09-01,232262,186898,13878,724,4.93,4.33,3.72,3.5,88.42,82.79,78.33,73.25,6.37,6.74,9.09,11.19
315,LOCAL_AREA,2022-09-01,152978,115175,10825,513,6.02,5.01,4,3.23,83.86,80.37,78.97,66.63,9.88,9.08,11.93,8.23
316,SEOUL,2022-09-01,263947,209500,16008,791,4.5,3.86,3.26,2.85,86.71,78.02,74.57,65.88,6.46,6.27,9.6,14.48
317,BUSAN,2022-09-01,168506,121573,11984,537,5.92,4.67,4.13,3,82.01,79.25,78.03,64.22,10.94,9.44,13.17,7.61
318,DAEGU,2022-09-01,132777,112183,8629,506,5.53,4.62,4.12,0,86.4,81.13,82.69,0,8.11,8.22,8.55,0
319,INCHEON,2022-09-01,156664,134868,11283,563,5.97,4.82,4.33,4.1,88.95,87.3,84.41,78.51,6.8,7.4,10.3,12.24
320,GWANGJU,2022-09-01,98060,80512,6441,420,6.62,6.03,4.63,4.47,85.33,80.24,79.44,77.97,6.43,7.8,11.62,10.78
321,DAEJEON,2022-09-01,116456,94597,10061,465,7.72,6.9,4.07,3.98,90.02,81.06,82.25,71.18,10.43,0,11.87,12.85
322,ULSAN,2022-09-01,157547,129960,10839,479,5.22,4.17,2.99,3.81,86.05,85.42,78.95,78.65,7.07,9.3,8.46,11.14
323,SAEJONG,2022-09-01,97864,90435,4198,416,5.42,0,0,0,93.07,0,0,0,4.51,0,0,0
324,GYEONGGI,2022-09-01,221486,178556,12294,701,5.3,4.51,3.49,3.9,90.72,84.94,75.56,78.11,6.13,6.84,8.01,8.35
325,NATIONWIDE,2022-10-01,216437,172660,13511,683,5.16,4.47,3.79,3.45,87.56,82.31,78.48,71.79,7.25,7.21,9.67,10.57
326,CAPITAL_AREA,2022-10-01,231901,186653,14187,724,4.95,4.34,3.74,3.51,88.44,82.77,78.36,73.24,6.68,6.75,9.11,11.21
327,LOCAL_AREA,2022-10-01,152523,114828,10720,514,6.05,5.02,4.01,3.25,83.84,80.43,78.96,66.63,9.65,9.1,11.98,8.29
328,SEOUL,2022-10-01,263613,209245,16008,792,4.52,3.87,3.27,2.86,86.74,78.03,74.56,65.86,6.47,6.27,9.63,14.5
329,BUSAN,2022-10-01,167930,121150,11823,539,5.95,4.69,4.14,3.02,82.01,79.31,78.02,64.22,10.59,9.46,13.23,7.69
330,DAEGU,2022-10-01,132405,111901,8629,507,5.55,4.64,4.15,0,86.47,81.09,82.71,0,8.11,8.23,8.59,0
331,INCHEON,2022-10-01,156237,134492,11283,563,6,4.84,4.34,4.12,88.94,87.12,84.48,78.55,6.82,7.43,10.32,12.29
332,GWANGJU,2022-10-01,97939,80412,6441,420,6.62,6.04,4.63,4.48,85.18,80.26,79.55,78.07,6.45,7.81,11.62,10.79
333,DAEJEON,2022-10-01,116233,94344,10061,464,7.73,6.91,4.07,3.99,89.84,81.15,82.18,71.17,10.47,0,11.91,12.86
334,ULSAN,2022-10-01,157363,129768,10824,480,5.23,4.18,2.99,3.81,85.99,85.53,78.9,78.65,7.03,9.35,8.48,11.22
335,SAEJONG,2022-10-01,97785,90435,4198,416,5.42,0,0,0,93.15,0,0,0,4.51,0,0,0
336,GYEONGGI,2022-10-01,221119,178368,13068,699,5.32,4.52,3.5,3.92,90.76,84.98,75.59,78.09,6.95,6.84,8.03,8.37
337,NATIONWIDE,2022-11-01,215808,172162,13482,683,5.18,4.48,3.8,3.47,87.58,82.29,78.48,71.75,7.27,7.24,9.69,10.54
338,CAPITAL_AREA,2022-11-01,231278,186141,14150,724,4.96,4.34,3.75,3.53,88.43,82.74,78.38,73.21,6.69,6.78,9.14,11.16
339,LOCAL_AREA,2022-11-01,151871,114387,10722,515,6.09,5.04,4.02,3.25,83.99,80.45,78.9,66.56,9.69,9.13,12,8.33
340,SEOUL,2022-11-01,263095,208785,15922,793,4.53,3.87,3.28,2.87,86.73,78.02,74.6,65.81,6.48,6.28,9.64,14.35
341,BUSAN,2022-11-01,167097,120629,11825,540,6.01,4.72,4.15,3.03,82.24,79.38,77.97,64.14,10.64,9.49,13.25,7.73
342,DAEGU,2022-11-01,131973,111518,8629,507,5.56,4.64,4.17,0,86.54,81.03,82.58,0,8.13,8.26,8.63,0
343,INCHEON,2022-11-01,155735,133891,11287,563,6.01,4.85,4.36,4.13,88.85,87.16,84.4,78.28,6.86,7.46,10.35,12.39
344,GWANGJU,2022-11-01,97741,80236,6434,420,6.62,6.06,4.64,4.48,85.12,80.29,79.57,78.14,6.46,7.83,11.62,10.81
345,DAEJEON,2022-11-01,115866,93933,10061,463,7.74,6.93,4.07,3.99,89.75,81.07,81.98,71.18,10.5,0,11.99,12.86
346,ULSAN,2022-11-01,157089,129556,10845,480,5.25,4.2,3,3.81,86.06,85.52,78.87,78.71,7.04,9.45,8.49,11.23
347,SAEJONG,2022-11-01,97785,90428,4198,415,5.42,0,0,0,93.14,0,0,0,4.51,0,0,0
348,GYEONGGI,2022-11-01,220330,177827,13075,700,5.33,4.53,3.52,3.93,90.77,84.89,75.65,78.13,6.95,6.89,8.06,8.35
349,NATIONWIDE,2022-12-01,214995,171438,13496,683,5.2,4.49,3.81,3.48,87.59,82.12,78.42,71.63,7.31,7.27,9.73,10.6
350,CAPITAL_AREA,2022-12-01,230480,185381,14171,724,4.98,4.35,3.76,3.54,88.42,82.52,78.31,73.07,6.73,6.81,9.18,11.23
351,LOCAL_AREA,2022-12-01,150998,113812,10707,515,6.13,5.06,4.03,3.28,84.1,80.46,78.86,66.54,9.71,9.17,12.01,8.39
352,SEOUL,2022-12-01,262529,208256,15925,792,4.54,3.88,3.28,2.87,86.71,77.97,74.6,65.73,6.5,6.3,9.66,14.44
353,BUSAN,2022-12-01,166004,119974,11806,540,6.06,4.74,4.16,3.06,82.41,79.4,77.96,64.13,10.67,9.53,13.26,7.8
354,DAEGU,2022-12-01,131362,110957,8629,506,5.58,4.65,4.2,0,86.58,81.01,82.47,0,8.15,8.29,8.69,0
355,INCHEON,2022-12-01,155033,132947,11295,561,6.05,4.84,4.36,4.15,88.82,86.71,84.28,78.08,6.91,7.52,10.39,12.44
356,GWANGJU,2022-12-01,97407,79983,6391,420,6.63,6.08,4.68,4.49,85.09,80.33,79.6,78.2,6.36,7.84,11.54,10.84
357,DAEJEON,2022-12-01,115258,93291,10061,462,7.77,6.94,4.08,3.99,89.65,81.04,81.7,71.13,10.56,0,12.1,12.92
358,ULSAN,2022-12-01,156787,129327,10856,480,5.26,4.22,3,3.81,86.12,85.64,78.87,78.62,7.06,9.52,8.5,11.24
359,SAEJONG,2022-12-01,97778,90385,4198,415,5.42,0,0,0,93.09,0,0,0,4.51,0,0,0
360,GYEONGGI,2022-12-01,219228,176860,13122,699,5.35,4.54,3.53,3.95,90.77,84.64,75.61,77.95,7.01,6.92,8.1,8.41
361,NATIONWIDE,2023-01-01,213952,170475,13654,682,5.23,4.51,3.82,3.5,87.58,82.01,78.23,71.53,7.38,7.31,10.02,10.64
362,CAPITAL_AREA,2023-01-01,229346,184336,14374,722,5,4.37,3.77,3.56,88.42,82.39,78.13,72.96,6.83,6.85,9.52,11.26
363,LOCAL_AREA,2023-01-01,150329,113188,10677,514,6.16,5.08,4.04,3.29,84.09,80.46,78.66,66.42,9.7,9.2,12.08,8.44
364,SEOUL,2023-01-01,261959,207653,15833,793,4.56,3.88,3.29,2.89,86.7,77.91,74.49,65.67,6.52,6.31,9.68,14.22
365,BUSAN,2023-01-01,165322,119442,11762,540,6.09,4.75,4.16,3.08,82.47,79.48,77.79,64.02,10.64,9.54,13.32,7.85
366,DAEGU,2023-01-01,130329,109415,8629,505,5.61,4.66,4.24,0,86.38,80.47,81.6,0,8.2,8.38,8.88,0
367,INCHEON,2023-01-01,154264,132121,11303,561,6.07,4.87,4.37,4.16,88.95,86.56,84.07,77.97,6.93,7.58,10.43,12.48
368,GWANGJU,2023-01-01,96954,79556,6381,420,6.66,6.1,4.71,4.51,84.95,80.48,79.56,78.27,6.36,7.84,11.62,10.87
369,DAEJEON,2023-01-01,114677,92619,10061,462,7.83,6.99,4.1,3.98,89.39,81.02,81.6,70.87,10.66,0,12.18,13.03
370,ULSAN,2023-01-01,156312,128975,10856,480,5.28,4.25,3.01,3.82,86.2,85.88,78.8,78.51,7.08,9.57,8.51,11.26
371,SAEJONG,2023-01-01,97692,90385,4198,415,5.42,0,0,0,93.16,0,0,0,4.51,0,0,0
372,GYEONGGI,2023-01-01,217311,175224,13736,696,5.38,4.56,3.54,3.97,90.75,84.43,75.4,77.81,7.25,6.98,8.81,8.65
373,NATIONWIDE,2023-02-01,213041,169710,13496,683,5.25,4.52,3.84,3.52,87.62,81.98,78.12,71.51,7.36,7.31,9.96,10.62
374,CAPITAL_AREA,2023-02-01,228414,183520,14178,724,5.03,4.38,3.79,3.58,88.44,82.34,78.02,72.96,6.79,6.85,9.44,11.22
375,LOCAL_AREA,2023-02-01,149505,112634,10677,514,6.19,5.1,4.06,3.3,84.2,80.52,78.55,66.38,9.73,9.22,12.14,8.5
376,SEOUL,2023-02-01,261338,207010,15754,793,4.58,3.89,3.3,2.91,86.64,77.84,74.52,65.62,6.55,6.32,9.71,14.04
377,BUSAN,2023-02-01,164336,118864,11762,540,6.12,4.77,4.18,3.09,82.61,79.55,77.75,63.97,10.68,9.57,13.38,7.9
378,DAEGU,2023-02-01,129531,108490,8629,504,5.63,4.69,4.29,0,86.47,80.23,80.9,0,8.22,8.43,9.07,0
379,INCHEON,2023-02-01,153664,131355,11303,561,6.09,4.88,4.39,4.17,88.88,86.37,83.93,77.84,6.96,7.62,10.48,12.53
380,GWANGJU,2023-02-01,96506,79264,6362,420,6.69,6.13,4.73,4.52,85.02,80.6,79.65,78.28,6.36,7.78,11.67,10.91
381,DAEJEON,2023-02-01,114370,92281,10061,461,7.83,7.03,4.1,3.97,89.4,81.14,81.24,70.76,10.68,0,12.23,13.15
382,ULSAN,2023-02-01,155742,128537,10864,480,5.31,4.29,3.01,3.82,86.14,86.24,78.75,78.6,7.19,9.61,8.48,11.28
383,SAEJONG,2023-02-01,97650,90321,4198,415,5.43,0,0,0,93.13,0,0,0,4.52,0,0,0
384,GYEONGGI,2023-02-01,215903,174188,13335,698,5.41,4.58,3.57,4.01,90.89,84.49,75.25,77.86,7.1,6.95,8.57,8.71
385,NATIONWIDE,2023-03-01,212137,168987,13479,682,5.27,4.54,3.86,3.52,87.63,81.92,78.07,71.45,7.37,7.33,10,10.67
386,CAPITAL_AREA,2023-03-01,227464,182709,14161,723,5.04,4.39,3.81,3.58,88.43,82.25,77.96,72.86,6.81,6.86,9.48,11.29
387,LOCAL_AREA,2023-03-01,148788,112275,10660,514,6.21,5.13,4.07,3.31,84.29,80.59,78.54,66.45,9.72,9.26,12.18,8.48
388,SEOUL,2023-03-01,260662,206364,15770,794,4.59,3.9,3.31,2.91,86.62,77.81,74.31,65.58,6.56,6.34,9.75,14.14
389,BUSAN,2023-03-01,163511,118533,11771,539,6.14,4.79,4.19,3.09,82.7,79.57,77.81,64.07,10.72,9.61,13.41,7.91
390,DAEGU,2023-03-01,128952,107842,8629,503,5.63,4.72,4.32,0,86.44,80.36,80.25,0,8.28,8.46,9.21,0
391,INCHEON,2023-03-01,153171,130721,11299,560,6.1,4.9,4.4,4.17,88.67,86.16,84.04,77.44,6.99,7.64,10.5,12.63
392,GWANGJU,2023-03-01,95987,78907,6343,419,6.7,6.14,4.75,4.53,85.05,80.58,79.79,78.26,6.37,7.81,11.6,10.95
393,DAEJEON,2023-03-01,113852,92032,9858,462,7.87,7.06,4.11,3.98,89.73,81.35,81.31,70.79,9.95,0,12.27,13.23
394,ULSAN,2023-03-01,155223,128187,10806,480,5.33,4.32,3.02,3.82,86.3,86.44,78.72,78.43,7.27,9.64,8.52,10.63
395,SAEJONG,2023-03-01,97492,90150,4198,415,5.44,0,0,0,93.12,0,0,0,4.52,0,0,0
396,GYEONGGI,2023-03-01,214475,173123,13276,698,5.43,4.6,3.59,4,90.96,84.41,75.14,77.78,7.13,6.94,8.62,8.75
397,NATIONWIDE,2023-04-01,211571,168442,13502,683,5.28,4.55,3.87,3.54,87.53,81.92,78.08,71.3,7.4,7.36,10.05,10.67
398,CAPITAL_AREA,2023-04-01,226930,182157,14198,724,5.06,4.41,3.82,3.59,88.29,82.25,77.98,72.69,6.86,6.88,9.52,11.33
399,LOCAL_AREA,2023-04-01,148090,111755,10624,514,6.23,5.15,4.08,3.37,84.37,80.56,78.49,66.35,9.69,9.3,12.23,8.33
400,SEOUL,2023-04-01,260780,206217,15832,795,4.6,3.91,3.31,2.92,86.47,77.71,74.22,65.62,6.61,6.35,9.78,14.17
401,BUSAN,2023-04-01,162671,117958,11712,539,6.17,4.81,4.21,3.18,82.81,79.55,77.86,63.92,10.66,9.66,13.44,7.73
402,DAEGU,2023-04-01,128394,107280,8629,503,5.66,4.74,4.33,0,86.64,80.21,79.65,0,8.3,8.52,9.31,0
403,INCHEON,2023-04-01,152374,130052,11301,559,6.09,4.93,4.42,4.18,88.57,86.41,83.99,77.1,7.03,7.68,10.55,12.72
404,GWANGJU,2023-04-01,95491,78488,6321,418,6.72,6.17,4.77,4.55,85.03,80.53,79.82,78.31,6.4,7.84,11.61,10.99
405,DAEJEON,2023-04-01,113667,91753,9858,461,7.88,7.09,4.1,3.98,89.53,81.36,81.02,70.89,10.01,0,12.33,13.25
406,ULSAN,2023-04-01,154673,127736,10874,480,5.34,4.33,3.03,3.84,86.38,86.52,78.59,78.53,7.38,9.66,8.66,10.5
407,SAEJONG,2023-04-01,97307,90007,4198,416,5.46,0,0,0,93.14,0,0,0,4.53,0,0,0
408,GYEONGGI,2023-04-01,213272,172142,13295,698,5.47,4.61,3.61,4.01,90.81,84.36,75.26,77.47,7.17,6.97,8.68,8.78
409,NATIONWIDE,2023-05-01,210960,167831,13525,683,5.3,4.56,3.89,3.55,87.43,81.8,77.98,71.25,7.43,7.4,10.16,10.7
410,CAPITAL_AREA,2023-05-01,226306,181511,14229,724,5.07,4.42,3.83,3.6,88.15,82.11,77.89,72.63,6.88,6.94,9.65,11.37
411,LOCAL_AREA,2023-05-01,147532,111291,10616,513,6.26,5.16,4.1,3.38,84.42,80.5,78.39,66.3,9.73,9.32,12.24,8.34
412,SEOUL,2023-05-01,260488,205817,15830,796,4.61,3.91,3.32,2.92,86.37,77.65,74.19,65.58,6.63,6.37,9.77,14.19
413,BUSAN,2023-05-01,162030,117474,11702,539,6.2,4.81,4.22,3.18,82.92,79.42,77.84,63.87,10.7,9.68,13.45,7.74
414,DAEGU,2023-05-01,127850,106637,8629,503,5.69,4.75,4.34,0,86.7,80.26,78.85,0,8.32,8.56,9.44,0
415,INCHEON,2023-05-01,151366,128852,11390,558,6.12,4.93,4.44,4.21,88.44,86.17,83.75,77.2,7.07,7.72,10.79,12.8
416,GWANGJU,2023-05-01,95073,78121,6307,417,6.73,6.19,4.79,4.56,84.97,80.56,79.82,78.32,6.43,7.87,11.64,11.05
417,DAEJEON,2023-05-01,113379,91458,9858,462,7.94,7.11,4.11,3.99,89.3,81.5,81.02,70.86,10.07,0,12.34,13.31
418,ULSAN,2023-05-01,154371,127369,10857,480,5.36,4.34,3.04,3.85,86.35,86.39,78.5,78.34,7.48,9.67,8.6,10.53
419,SAEJONG,2023-05-01,96928,89778,4198,416,5.48,0,0,0,93.22,0,0,0,4.54,0,0,0
420,GYEONGGI,2023-05-01,212393,171399,13346,698,5.48,4.63,3.62,4.02,90.62,84.21,75.24,77.38,7.19,7.07,8.79,8.83
421,NATIONWIDE,2023-06-01,210522,167386,13650,683,5.32,4.57,3.89,3.56,87.41,81.76,77.89,71.14,7.44,7.37,10.5,10.73
422,CAPITAL_AREA,2023-06-01,225922,181098,14387,724,5.09,4.43,3.83,3.6,88.11,82.07,77.81,72.54,6.88,6.94,10.03,11.38
423,LOCAL_AREA,2023-06-01,146874,110714,10603,513,6.29,5.16,4.1,3.39,84.46,80.49,78.25,66.18,9.76,9.14,12.44,8.4
424,SEOUL,2023-06-01,260181,205462,15830,797,4.62,3.92,3.32,2.92,86.32,77.61,74.12,65.54,6.64,6.37,9.77,14.21
425,BUSAN,2023-06-01,161205,116806,11703,538,6.23,4.81,4.22,3.2,83.01,79.36,77.74,63.71,10.72,9.43,13.74,7.81
426,DAEGU,2023-06-01,127239,105878,8508,503,5.72,4.78,4.35,0,86.57,80.32,78.25,0,8.35,8.26,9.55,0
427,INCHEON,2023-06-01,150688,128206,11390,558,6.18,4.96,4.44,4.21,88.65,86.23,83.64,76.56,7.1,7.76,10.82,12.89
428,GWANGJU,2023-06-01,94726,77808,6293,417,6.74,6.2,4.82,4.58,84.89,80.53,79.87,78.39,6.46,7.9,11.59,11.09
429,DAEJEON,2023-06-01,113350,91465,9858,462,7.97,7.11,4.11,3.97,89.3,81.63,81.02,70.9,10.1,0,12.33,13.3
430,ULSAN,2023-06-01,154014,126871,10864,480,5.38,4.35,3.05,3.86,86.32,86.42,78.25,78.49,7.5,9.7,8.68,10.53
431,SAEJONG,2023-06-01,96664,89464,4198,417,5.51,0,0,0,93.15,0,0,0,4.56,0,0,0
432,GYEONGGI,2023-06-01,212021,171000,13742,697,5.51,4.63,3.61,4.03,90.54,84.12,75.18,77.34,7.17,7.04,9.58,8.81
433,NATIONWIDE,2023-07-01,210266,167203,13643,683,5.34,4.58,3.89,3.56,87.4,81.77,77.89,71.15,7.44,7.38,10.51,10.74
434,CAPITAL_AREA,2023-07-01,225726,180953,14392,725,5.1,4.44,3.84,3.61,88.13,82.05,77.79,72.54,6.89,6.95,10.05,11.39
435,LOCAL_AREA,2023-07-01,146373,110374,10550,513,6.32,5.17,4.11,3.4,84.36,80.64,78.3,66.19,9.7,9.16,12.38,8.43
436,SEOUL,2023-07-01,260029,205390,15828,797,4.63,3.92,3.32,2.92,86.35,77.55,74.13,65.58,6.65,6.38,9.77,14.21
437,BUSAN,2023-07-01,160607,116452,11627,539,6.26,4.81,4.23,3.2,82.87,79.65,77.86,63.74,10.64,9.45,13.63,7.84
438,DAEGU,2023-07-01,126787,105472,8508,503,5.75,4.8,4.34,0,86.67,80.25,77.97,0,8.35,8.29,9.63,0
439,INCHEON,2023-07-01,150385,127916,11389,558,6.21,4.99,4.45,4.21,88.73,86.28,83.55,76.49,7.1,7.78,10.84,12.94
440,GWANGJU,2023-07-01,94457,77592,6282,417,6.75,6.21,4.86,4.6,84.82,80.53,79.92,78.49,6.46,7.92,11.64,11.15
441,DAEJEON,2023-07-01,113117,91122,9830,463,8,7.12,4.14,3.98,89.15,81.52,80.99,70.89,10.14,0,12.27,13.32
442,ULSAN,2023-07-01,153694,126609,10857,481,5.4,4.37,3.06,3.86,86.33,86.56,78.2,78.43,7.5,9.72,8.72,10.54
443,SAEJONG,2023-07-01,96507,89228,4198,418,5.53,0,0,0,93.05,0,0,0,4.57,0,0,0
444,GYEONGGI,2023-07-01,211810,170819,13756,697,5.52,4.64,3.62,4.03,90.52,84.09,75.2,77.33,7.19,7.06,9.61,8.83
445,NATIONWIDE,2023-08-01,210090,167127,13658,684,5.35,4.58,3.9,3.56,87.47,81.68,77.91,71.15,7.47,7.39,10.5,10.75
446,CAPITAL_AREA,2023-08-01,225592,180911,14392,725,5.11,4.44,3.85,3.61,88.19,81.96,77.82,72.53,6.9,6.96,10.05,11.4
447,LOCAL_AREA,2023-08-01,146020,110158,10627,512,6.34,5.17,4.12,3.41,84.46,80.51,78.31,66.23,9.88,9.19,12.37,8.45
448,SEOUL,2023-08-01,259935,205400,15828,797,4.64,3.92,3.33,2.93,86.4,77.52,74.19,65.61,6.65,6.38,9.77,14.2
449,BUSAN,2023-08-01,160229,116208,11748,537,6.28,4.8,4.22,3.21,83.03,79.35,77.78,63.79,10.9,9.47,13.61,7.86
450,DAEGU,2023-08-01,126246,105186,8508,503,5.77,4.83,4.33,0,86.8,80.39,78.26,0,8.36,8.34,9.63,0
451,INCHEON,2023-08-01,150164,127824,11389,559,6.24,4.99,4.45,4.22,88.9,86.18,83.59,76.5,7.11,7.79,10.84,12.94
452,GWANGJU,2023-08-01,94220,77403,6275,417,6.77,6.22,4.89,4.61,84.77,80.55,80.07,78.53,6.48,7.94,11.67,11.2
453,DAEJEON,2023-08-01,113074,91140,9830,464,8.01,7.1,4.19,3.98,88.74,81.63,81.33,70.98,10.19,0,12.21,13.32
454,ULSAN,2023-08-01,153343,126434,10841,481,5.41,4.39,3.07,3.88,86.46,86.58,78.26,78.41,7.46,9.74,8.74,10.57
455,SAEJONG,2023-08-01,96214,89078,4198,418,5.56,0,0,0,93.18,0,0,0,4.58,0,0,0
456,GYEONGGI,2023-08-01,211660,170734,13756,698,5.53,4.64,3.63,4.03,90.58,83.96,75.21,77.29,7.2,7.07,9.61,8.85
457,NATIONWIDE,2023-09-01,209950,167124,13648,684,5.36,4.59,3.9,3.57,87.53,81.69,77.99,71.18,7.47,7.4,10.49,10.74
458,CAPITAL_AREA,2023-09-01,225501,180957,14383,726,5.13,4.45,3.85,3.61,88.25,82,77.91,72.56,6.9,6.96,10.03,11.38
459,LOCAL_AREA,2023-09-01,145681,109949,10611,513,6.36,5.17,4.12,3.41,84.48,80.45,78.32,66.27,9.87,9.2,12.39,8.45
460,SEOUL,2023-09-01,259931,205457,15829,798,4.64,3.93,3.32,2.93,86.42,77.64,74.14,65.57,6.64,6.38,9.76,14.21
461,BUSAN,2023-09-01,159807,116007,11725,537,6.3,4.8,4.23,3.21,83.1,79.31,77.76,63.85,10.88,9.48,13.64,7.86
462,DAEGU,2023-09-01,126022,104823,8508,503,5.79,4.85,4.34,0,86.64,80.23,78.51,0,8.39,8.38,9.62,0
463,INCHEON,2023-09-01,149982,127783,11360,559,6.28,5,4.46,4.23,89.03,86.27,83.65,76.71,7.12,7.79,10.85,12.72
464,GWANGJU,2023-09-01,93894,77154,6275,417,6.8,6.25,4.94,4.63,84.66,80.61,80.32,78.75,6.5,7.97,11.72,11.24
465,DAEJEON,2023-09-01,113019,91032,9830,464,8.04,7.13,4.19,3.99,88.87,81.52,81.07,70.96,10.2,0,12.22,13.33
466,ULSAN,2023-09-01,153203,126363,10824,482,5.43,4.4,3.08,3.88,86.53,86.5,78.29,78.36,7.43,9.76,8.74,10.59
467,SAEJONG,2023-09-01,96107,88743,4198,418,5.57,0,0,0,92.9,0,0,0,4.6,0,0,0
468,GYEONGGI,2023-09-01,211498,170799,13744,700,5.55,4.65,3.64,4.04,90.68,83.89,75.39,77.33,7.21,7.09,9.56,8.86
469,NATIONWIDE,2023-10-01,209728,167030,13644,685,5.38,4.6,3.91,3.57,87.53,81.76,78.08,71.16,7.46,7.43,10.5,10.75
470,CAPITAL_AREA,2023-10-01,225326,180905,14387,726,5.14,4.46,3.86,3.62,88.24,82.07,78.02,72.53,6.91,6.97,10.04,11.39
471,LOCAL_AREA,2023-10-01,145261,109684,10576,513,6.38,5.18,4.14,3.42,84.57,80.49,78.33,66.28,9.8,9.33,12.4,8.47
472,SEOUL,2023-10-01,259767,205418,15829,798,4.65,3.93,3.33,2.93,86.44,77.77,74.19,65.54,6.65,6.37,9.76,14.21
473,BUSAN,2023-10-01,159354,115774,11640,537,6.32,4.78,4.24,3.22,83.27,79.34,77.76,63.86,10.75,9.49,13.65,7.88
474,DAEGU,2023-10-01,125520,104291,8508,504,5.81,4.88,4.35,0,86.54,80.19,78.55,0,8.42,8.41,9.63,0
475,INCHEON,2023-10-01,149715,127653,11357,560,6.29,5.02,4.47,4.24,89,86.43,83.7,76.73,7.13,7.8,10.86,12.74
476,GWANGJU,2023-10-01,93571,76911,6276,417,6.83,6.28,4.97,4.65,84.63,80.66,80.48,78.92,6.54,8,11.76,11.26
477,DAEJEON,2023-10-01,112660,90845,10073,464,8.08,7.16,4.22,3.98,88.73,81.69,81.32,70.93,10.26,0,12.22,13.32
478,ULSAN,2023-10-01,152980,126079,10823,482,5.45,4.41,3.08,3.89,86.51,86.67,78.1,78.45,7.44,9.75,8.79,10.57
479,SAEJONG,2023-10-01,95942,88507,4198,418,5.58,0,0,0,92.81,0,0,0,4.61,0,0,0
480,GYEONGGI,2023-10-01,211343,170758,13754,701,5.56,4.66,3.65,4.05,90.63,83.86,75.56,77.29,7.22,7.09,9.57,8.88
481,NATIONWIDE,2023-11-01,209436,166864,13455,686,5.4,4.61,3.92,3.57,87.63,81.76,78.06,71.18,7.26,7.44,10.5,10.76
482,CAPITAL_AREA,2023-11-01,225063,180749,14166,728,5.16,4.47,3.86,3.62,88.31,82.05,78.01,72.55,6.67,6.98,10.05,11.4
483,LOCAL_AREA,2023-11-01,144848,109479,10515,513,6.41,5.2,4.16,3.42,84.81,80.56,78.3,66.27,9.73,9.35,12.37,8.48
484,SEOUL,2023-11-01,259485,205230,15828,798,4.66,3.93,3.33,2.92,86.5,77.69,74.19,65.51,6.66,6.39,9.76,14.2
485,BUSAN,2023-11-01,158933,115603,11583,538,6.36,4.8,4.26,3.22,83.56,79.42,77.75,63.85,10.63,9.5,13.67,7.89
486,DAEGU,2023-11-01,124872,104000,8508,503,5.85,4.91,4.34,0,86.88,80.36,78.42,0,8.43,8.44,9.65,0
487,INCHEON,2023-11-01,149429,127360,11357,560,6.3,5.04,4.48,4.24,88.94,86.5,83.65,76.73,7.15,7.82,10.88,12.75
488,GWANGJU,2023-11-01,93171,76616,6276,417,6.86,6.32,5,4.66,84.56,80.6,80.71,79.03,6.57,8.04,11.8,11.29
489,DAEJEON,2023-11-01,112531,90564,9787,466,8.09,7.19,4.26,3.99,88.87,81.57,80.9,70.87,10.24,0,11.57,13.33
490,ULSAN,2023-11-01,152604,125839,10824,483,5.47,4.45,3.09,3.89,86.51,86.94,78.16,78.35,7.47,9.79,8.8,10.55
491,SAEJONG,2023-11-01,95699,88400,4198,419,5.61,0,0,0,92.99,0,0,0,4.62,0,0,0
492,GYEONGGI,2023-11-01,211110,170686,13202,704,5.6,4.67,3.65,4.05,90.73,83.85,75.57,77.37,6.59,7.1,9.58,8.9
493,NATIONWIDE,2023-12-01,209111,166688,13472,687,5.42,4.62,3.93,3.58,87.72,81.81,78.05,71.22,7.32,7.43,10.51,10.74
494,CAPITAL_AREA,2023-12-01,224746,180578,14178,728,5.18,4.48,3.87,3.62,88.4,82.08,77.98,72.62,6.7,6.99,10.06,11.38
495,LOCAL_AREA,2023-12-01,144489,109277,10554,513,6.44,5.22,4.17,3.42,84.87,80.7,78.38,66.27,9.91,9.26,12.38,8.47
496,SEOUL,2023-12-01,259213,205071,15854,798,4.67,3.94,3.33,2.93,86.54,77.72,74.27,65.6,6.69,6.39,9.74,14.15
497,BUSAN,2023-12-01,158597,115443,11643,537,6.38,4.81,4.27,3.22,83.65,79.6,77.87,63.86,10.9,9.32,13.67,7.88
498,DAEGU,2023-12-01,124443,103791,8508,503,5.88,4.93,4.34,0,87.05,80.45,78.39,0,8.45,8.44,9.68,0
499,INCHEON,2023-12-01,148992,127119,11357,560,6.36,5.05,4.49,4.24,89.27,86.55,83.67,76.77,7.17,7.85,10.9,12.76
500,GWANGJU,2023-12-01,92865,76249,6257,418,6.89,6.37,5.03,4.67,84.41,80.52,80.79,79.03,6.58,8.09,11.81,11.33
501,DAEJEON,2023-12-01,111937,90308,9787,467,8.14,7.23,4.29,3.99,88.8,81.83,81.07,70.86,10.29,0,11.59,13.33
502,ULSAN,2023-12-01,152322,125523,10844,484,5.49,4.49,3.1,3.9,86.55,86.88,78.05,78.22,7.52,9.81,8.85,10.57
503,SAEJONG,2023-12-01,95535,88099,4198,419,5.62,0,0,0,92.78,0,0,0,4.64,0,0,0
504,GYEONGGI,2023-12-01,210783,170526,13201,705,5.63,4.69,3.66,4.06,90.86,83.88,75.46,77.41,6.6,7.12,9.6,8.89
505,NATIONWIDE,2024-01-01,225035,178218,16521,770,5.66,4.76,4.18,3.53,87.25,81.13,76.82,70.06,7.87,8.39,10.83,12.49
506,CAPITAL_AREA,2024-01-01,241481,192849,17946,820,5.54,4.59,4.18,3.59,87.58,81.23,76.97,72.56,7.64,8.23,10.74,12.74
507,LOCAL_AREA,2024-01-01,160692,120973,10946,574,6.15,5.38,4.17,3.34,85.93,80.79,76.18,61.3,8.76,8.97,11.18,11.62
508,SEOUL,2024-01-01,276798,221051,22817,889,5.04,3.86,3.4,2.98,86.85,76.93,71.38,67.3,8.85,8.99,11.41,19.4
509,BUSAN,2024-01-01,174079,126581,11737,577,5.82,5.04,4.02,3.16,84.43,80.1,78.03,58.33,9.66,8.83,11.32,10.34
510,DAEGU,2024-01-01,149836,120416,9092,601,6.64,5.02,3.92,0,91.67,81.76,68.37,0,6.17,8.01,9.74,0
511,INCHEON,2024-01-01,171471,140650,12568,669,6.5,5.51,4.69,4.26,84.72,86.17,82.22,73.02,7.31,9.88,10.66,7.93
512,GWANGJU,2024-01-01,132817,105940,9126,545,6.79,5.49,4.52,3.71,87.79,79.25,75.17,55.39,6.33,8.45,12.43,10.69
513,DAEJEON,2024-01-01,123572,101796,12090,556,8.07,8.11,4.76,3.8,87.86,87.07,78.98,77.87,10.2,0,9.44,27
514,ULSAN,2024-01-01,144356,117651,9253,563,5.78,5.12,4.41,4.32,87.43,78.48,77.07,79.47,5.93,7.66,11.41,12.14
515,SAEJONG,2024-01-01,118063,97749,6064,552,6.58,0,0,0,88.2,0,0,0,5.72,0,0,0
516,GYEONGGI,2024-01-01,231384,183448,15009,806,5.91,4.68,4.05,3.94,89.23,81.97,74.89,76.65,6.23,6.88,10.61,8.37
517,NATIONWIDE,2024-02-01,224800,178176,16553,771,5.68,4.77,4.19,3.54,87.33,81.24,76.9,70.09,7.85,8.48,10.82,12.51
518,CAPITAL_AREA,2024-02-01,241262,192852,18012,821,5.56,4.6,4.19,3.59,87.67,81.38,77.08,72.58,7.65,8.34,10.74,12.76
519,LOCAL_AREA,2024-02-01,160394,120758,10846,574,6.17,5.38,4.18,3.35,85.99,80.74,76.14,61.39,8.67,8.99,11.14,11.64
520,SEOUL,2024-02-01,276797,221041,22972,891,5.06,3.87,3.41,2.99,86.87,77.02,71.49,67.28,8.85,9.31,11.4,19.43
521,BUSAN,2024-02-01,173785,126399,11592,577,5.82,5.03,4.03,3.17,84.54,80.07,78.03,58.4,9.52,8.85,11.28,10.35
522,DAEGU,2024-02-01,149297,119727,9061,600,6.65,5.03,3.92,0,91.54,81.74,67.99,0,6.2,8.02,9.74,0
523,INCHEON,2024-02-01,171178,140542,12568,669,6.52,5.51,4.69,4.26,84.81,86.31,82.24,73.02,7.32,9.89,10.66,7.93
524,GWANGJU,2024-02-01,132439,105709,9082,545,6.85,5.5,4.52,3.72,88.03,79.25,75.13,55.15,6.34,8.46,12.33,10.76
525,DAEJEON,2024-02-01,123462,101994,12090,557,8.13,8.13,4.75,3.85,87.9,86.67,79.36,78.5,10.21,0,9.42,27
526,ULSAN,2024-02-01,144253,117411,9253,565,5.8,5.13,4.43,4.33,87.21,78.59,76.99,79.44,5.94,7.66,11.41,12.16
527,SAEJONG,2024-02-01,117977,97721,6064,552,6.57,0,0,0,88.25,0,0,0,5.72,0,0,0
528,GYEONGGI,2024-02-01,230974,183505,15010,807,5.92,4.69,4.07,3.95,89.41,82.17,75.07,76.71,6.23,6.88,10.6,8.39
529,NATIONWIDE,2024-03-01,224497,177992,16530,772,5.7,4.78,4.21,3.54,87.35,81.24,76.97,70.11,7.83,8.48,10.85,12.51
530,CAPITAL_AREA,2024-03-01,240943,192704,17983,822,5.57,4.61,4.21,3.6,87.77,81.36,77.19,72.59,7.61,8.35,10.76,12.76
531,LOCAL_AREA,2024-03-01,160153,120433,10845,574,6.18,5.4,4.19,3.36,85.71,80.77,76.07,61.42,8.72,8.99,11.23,11.63
532,SEOUL,2024-03-01,276620,220816,23041,892,5.08,3.88,3.42,2.98,86.86,76.97,71.55,67.23,8.88,9.31,11.47,19.42
533,BUSAN,2024-03-01,173527,126061,11590,577,5.82,5.05,4.05,3.18,84.07,80.16,78.07,58.41,9.61,8.85,11.31,10.36
534,DAEGU,2024-03-01,149083,119288,9173,598,6.67,5.03,3.91,0,91.61,81.45,67.77,0,6.21,8.03,10.16,0
535,INCHEON,2024-03-01,170887,140361,12568,669,6.54,5.52,4.7,4.26,85.06,86.25,82.24,72.96,7.33,9.9,10.68,7.93
536,GWANGJU,2024-03-01,132095,105405,9065,546,6.91,5.51,4.53,3.76,88.01,79.28,74.98,55.17,6.36,8.37,12.4,10.82
537,DAEJEON,2024-03-01,123310,101571,12088,557,8.19,8.16,4.74,3.87,87.98,86.83,79.13,78.79,10.21,0,9.46,26.85
538,ULSAN,2024-03-01,144161,117373,9102,567,5.82,5.16,4.43,4.33,87.43,78.7,76.71,79.44,5.7,7.68,11.41,12.16
539,SAEJONG,2024-03-01,117773,97711,6058,551,6.57,0,0,0,88.43,0,0,0,5.72,0,0,0
540,GYEONGGI,2024-03-01,230504,183446,14871,808,5.94,4.7,4.09,3.95,89.61,82.21,75.26,76.79,6.09,6.88,10.61,8.39
